key,trades,profit_mean,profit_mean_pct,profit_total_abs,profit_total,profit_total_pct,duration_avg,wins,draws,losses,winrate,cagr,expectancy,expectancy_ratio,sortino,sharpe,calmar,sqn,profit_factor,max_drawdown_account,max_drawdown_abs,period
agg_short_v10,1904,0.01726487755888406,1.73,652.77563065,6.527756306500001,652.78,1:37:00,1538,0,366,0.8077731092436975,6.741791339298763,0.3428443438287816,0.22022672476368466,23.051739740401796,27.582538572107655,203.3240166643117,11.9081,2.1456603386613535,0.1703802236062559,69.73220965000019,2025-01-01 00:00:00 to 2025-12-27 10:00:00
agg_long_v11,2967,0.00516618366918401,0.52,301.97850482,3.0197850482,301.98,1:13:00,2021,0,946,0.6811594202898551,3.098213092849634,0.1017790713919785,0.08916235702521424,14.923934866871106,14.233907955030748,124.38631016643927,4.9232,1.279645574306354,0.12883900938568923,58.996298550000176,2025-01-01 00:00:00 to 2025-12-27 10:00:00
TOTAL,4871,0.00989537955626857,0.99,954.75413547,9.5475413547,954.75,1:22:00,3559,0,1312,0.7306507903921166,9.8983730753306,0.19600782908437692,0.15588968182874985,41.42362034737651,42.78339665420481,707.9905803830824,11.5499,1.5787642074602448,0.07156620696755159,58.884838859999945,2025-01-01 00:00:00 to 2025-12-27 10:00:00
agg_short_v10,1904,0.01726487755913775,1.73,787623.3877369999,7876.233877369999,787623.39,1:37:00,1538,0,366,0.8077731092436975,8921.571605278943,413.66774566018904,0.17748947460207498,5.959361078713572,10.724895544308984,169460.58409777674,4.6302,1.923333223066533,0.24665722209864815,257914.0177630901,2025-01-01 00:00:00 to 2025-12-27 10:00:00
agg_long_v11,2965,0.005234707373681442,0.52,-42458.58382281002,-424.58583822810016,-42458.58,1:13:00,2020,0,945,0.6812816188870152,0.0,-14.319927090323802,-0.01339279340916244,-0.672548872173988,-0.9474875988643964,-1664.6892096133356,-0.3278,0.9579792249119925,1.353556134414817,162378.31394755997,2025-01-01 00:00:00 to 2025-12-27 10:00:00
TOTAL,4869,0.009939049955958873,0.99,745164.80391419,7451.6480391419,745164.8,1:22:00,3558,0,1311,0.7307455329636475,8434.147931353295,153.04267897190198,0.10767123081254071,8.40339003889173,12.879613731083584,129378.36101077222,3.4777,1.3998865162671708,0.30565719281227466,328073.60500908026,2025-01-01 00:00:00 to 2025-12-27 10:00:00
agg_short_v10,1133,0.020787635562545783,2.08,44013.1601367,440.131601367,44013.16,1:00:00,915,0,218,0.8075904677846425,441405.2645844373,38.84656675789939,0.1201638218348442,8.420894595080908,13.241040327725377,6106.543323082088,3.5194,1.6245211474260484,0.8052624187299051,23136.868567190006,2022-01-09 08:00:00 to 2022-06-30 00:00:00
agg_long_v11,1327,0.008367387601238481,0.84,23560.127956520002,235.60127956520003,23560.13,0:59:00,910,0,417,0.6857573474001507,116773.07022885048,17.754429507550853,0.10630958560035886,6.210153723328788,8.174231020806333,5185.876332487433,2.0077,1.3383041249200869,0.5075815302311345,11302.897109109997,2022-01-09 08:00:00 to 2022-06-30 00:00:00
TOTAL,2460,0.014087770097238963,1.41,67573.28809322,675.7328809322,67573.29,0:59:00,1825,0,635,0.741869918699187,1100356.8771738966,27.468816298056907,0.12448674712190044,15.392868634418669,21.833204660917332,10334.045385965404,3.9392,1.4822636187714566,0.730558518845923,23566.82137137,2022-01-09 08:00:00 to 2022-06-30 00:00:00
agg_short_v10,969,0.012874966593196577,1.29,3422.31526766,34.223152676599994,3422.32,1:54:00,722,0,247,0.7450980392156863,1215.756954682756,3.5318011018163062,0.16879709197253479,10.522494595944519,14.001325524544775,1810.4211078270757,4.3061,1.6622039761999439,0.1973493738535002,725.3075345000007,2022-07-01 00:00:00 to 2022-12-31 00:00:00
agg_long_v11,1515,0.004997106879590873,0.5,116.6613926899999,1.166613926899999,116.66,1:07:00,1010,0,505,0.6666666666666666,3.674424925898969,0.07700421959735948,0.005660110798044293,0.7680484847607071,0.7945942597539857,14.798930350424678,0.1955,1.0169803323941333,0.822985479935718,911.1496858799997,2022-07-01 00:00:00 to 2022-12-31 00:00:00
TOTAL,2484,0.008070233313763145,0.81,3538.9766603499993,35.38976660349999,3538.98,1:25:00,1732,0,752,0.6972624798711755,1297.4600701306208,1.4247088004629633,0.0889965807288613,15.621664416002785,18.469832163026062,1258.074115908471,3.549,1.293972748045866,0.2936748893931563,1011.4503846700009,2022-07-01 00:00:00 to 2022-12-31 00:00:00
agg_long_v11,1705,0.011136375880195198,1.11,8144.7550687600005,81.4475506876,8144.76,1:09:00,1187,0,518,0.6961876832844575,7682.917205464338,4.776982445020527,0.15484653432533513,19.48868542361639,20.60664719096655,3097.8079290979986,4.7005,1.509678264526441,0.27905992212583963,1248.22342483,2023-01-01 00:00:00 to 2023-06-30 00:00:00
agg_short_v10,805,0.007197512118432561,0.72,1918.9461791400004,19.189461791400003,1918.95,2:28:00,548,0,257,0.6807453416149069,442.10122275757726,2.3837840734658418,0.049977769586595944,3.0163674919986962,3.431119634632024,311.5466426297411,1.1387,1.156545153763462,0.6537529263391785,3811.9945932800038,2023-01-01 00:00:00 to 2023-06-30 00:00:00
TOTAL,2510,0.009873114793255389,0.99,10063.7012479,100.637012479,10063.7,1:34:00,1735,0,775,0.6912350597609562,11744.059553588953,4.009442728247013,0.1100391768712019,19.869378843772473,22.143612028660556,3777.622321071949,4.1634,1.356384947028021,0.282756844909296,2918.0606769700016,2023-01-01 00:00:00 to 2023-06-30 00:00:00
agg_long_v11,1785,0.004846749550463857,0.48,672.31697032,6.7231697032,672.32,1:16:00,1186,0,599,0.6644257703081232,57.984759590135845,0.37664816264425816,0.09207814519869872,11.042147547345625,12.866044867003508,263.9295106808684,2.9161,1.2743897982966235,0.2659386523114936,155.94903639,2023-07-01 00:00:00 to 2023-12-31 00:00:00
agg_short_v10,749,0.004946990694709917,0.49,107.85238862999998,1.0785238862999997,107.85,3:14:00,532,0,217,0.7102803738317757,3.3030230581640376,0.14399517841121479,0.04944525356413809,2.355706887552888,3.0311623806259287,24.696316123776736,1.0602,1.170665875205251,0.4559245045008631,138.85404266000006,2023-07-01 00:00:00 to 2023-12-31 00:00:00
TOTAL,2534,0.004876378838956478,0.49,780.1693589500001,7.801693589500001,780.17,1:51:00,1718,0,816,0.6779794790844514,75.55453570584783,0.3078805678571428,0.08151076223534792,13.57360128205667,16.272136344094783,304.5649242843177,3.0957,1.253122881745554,0.26742644202652055,203.26463584999948,2023-07-01 00:00:00 to 2023-12-31 00:00:00
agg_short_v10,1028,0.018075974410810196,1.81,8019.02499885,80.1902499885,8019.02,1:29:00,824,0,204,0.8015564202334631,7089.175623761056,7.800607975535021,0.24415561928459373,18.21499196274245,22.934234351827907,7752.295592867062,6.7734,2.2303528265909915,0.10918402514665462,832.0784124000002,2024-01-01 00:00:00 to 2024-06-30 00:00:00
agg_long_v11,1702,0.003984993239167789,0.4,2083.6370346699996,20.836370346699997,2083.64,1:10:00,1130,0,572,0.663924794359577,500.83074346211856,1.224228575011752,0.07075870119795291,7.143005120250433,8.087440530594085,418.0492884400994,1.8567,1.2105442472708323,0.5260928952508436,1711.4696191400008,2024-01-01 00:00:00 to 2024-06-30 00:00:00
TOTAL,2730,0.009291047687683686,0.93,10102.66203352,101.02662033520001,10102.66,1:17:00,1954,0,776,0.7157509157509158,11237.81688888669,3.7006088034871816,0.17495160542490873,29.48449140847052,33.99223509306138,12069.247509863673,6.1624,1.6154869623840216,0.08835344511722162,834.0706563699987,2024-01-01 00:00:00 to 2024-06-30 00:00:00
agg_short_v10,1086,0.025314122775676868,2.53,127600.17120518998,1276.0017120518999,127600.17,1:19:00,882,0,204,0.8121546961325967,1568227.1132980746,117.49555359593924,0.2069984226591226,6.720712143442574,12.03819585143961,29678.482431421846,3.4974,2.1019621912147404,0.44885380330051716,89500.92962982,2024-07-01 00:00:00 to 2024-12-31 00:00:00
agg_long_v11,1825,0.006198889011590431,0.62,11491.072710280001,114.91072710280001,11491.07,1:09:00,1267,0,558,0.6942465753424657,13089.85149572389,6.296478197413691,0.03783908734304409,3.7435717121853167,4.784892241234987,2060.0882384455163,1.0726,1.1237568716864792,0.5823312446387723,16160.75828377,2024-07-01 00:00:00 to 2024-12-31 00:00:00
TOTAL,2911,0.013330164816399044,1.33,139091.24391547,1390.9124391547,139091.24,1:13:00,2149,0,762,0.7382342837512882,1862281.7687702593,47.78125864495702,0.17450317306608,13.490689271588376,20.553536519089572,33635.59724213854,3.6483,1.6666387621986336,0.43171385835537235,94308.74384037,2024-07-01 00:00:00 to 2024-12-31 00:00:00
agg_long_v11,1407,0.0065977841511444,0.66,5449.322448659999,54.49322448659999,5449.32,1:06:00,981,0,426,0.697228144989339,3441.952501671193,3.873008136929638,0.07938627895753547,7.552356519084857,9.319449299108426,1139.7369814889678,2.34,1.2621983438808737,0.5074716598457535,4856.140517169999,2025-01-01 00:00:00 to 2025-06-30 00:00:00
agg_short_v10,984,0.016459974140286982,1.65,5187.73017588,51.8773017588,5187.73,1:43:00,799,0,185,0.8119918699186992,3120.814997652707,5.272083512073166,0.06184401393377503,4.9571499308372715,7.543738074418608,460.31134286845383,2.2646,1.3289432957342406,1.1961885191943677,5585.755684510001,2025-01-01 00:00:00 to 2025-06-30 00:00:00
TOTAL,2391,0.01065650223952428,1.07,10637.05262454,106.3705262454,10637.05,1:21:00,1780,0,611,0.7444583856127144,13126.548693003333,4.448788216035128,0.07436127421580951,12.540223123041399,16.906327080658226,2473.2923816631182,3.2568,1.2909947735679224,0.4564779197754231,4547.107170440002,2025-01-01 00:00:00 to 2025-06-30 00:00:00
agg_short_v10,913,0.018237762991165564,1.82,7661.11351633,76.61113516329999,7661.11,1:30:00,733,0,180,0.8028477546549836,7139.945442779321,8.391142953263968,0.186036227603402,8.888189905873185,15.02428479979129,3379.452300075795,4.6562,1.9436170877883672,0.24195743828179347,2477.247636820003,2025-07-01 00:00:00 to 2025-12-27 00:00:00
agg_long_v11,1545,0.004283634515225568,0.43,-456.93818974000015,-4.569381897400001,-456.94,1:18:00,1036,0,509,0.6705501618122978,0.0,-0.2957528736181203,-0.015629001844474244,-1.1413643175579529,-1.5181496456471817,-37.78118027157768,-0.3618,0.9525602989200145,1.2908486861003743,1586.4431719199997,2025-07-01 00:00:00 to 2025-12-27 00:00:00
TOTAL,2458,0.009466758721300919,0.95,7204.17532659,72.0417532659,7204.18,1:22:00,1769,0,689,0.7196908055329536,6308.856233305713,2.9309094087021963,0.11376332067179917,12.65429516761987,18.29460632826086,2545.962398939226,3.4566,1.4058494081440964,0.30201303629988185,3160.454682929998,2025-07-01 00:00:00 to 2025-12-27 00:00:00
